{
  "config": {
    "inducing_list": [
      4096
    ],
    "n_epochs": 1,
    "batch_size": 32768,
    "patience": 15,
    "lr": 0.01,
    "n_loso_sites": 3,
    "loso_sites": [
      10872047582,
      11555348392,
      10851245780
    ],
    "loso_site_states": {
      "108720_47582": "MT",
      "115553_48392": "MT",
      "108512_45780": "MT"
    },
    "n_gpus": 1,
    "n_total_obs": 1883144,
    "n_total_sites": 932,
    "states_filter": "MT",
    "training": "svgp_minibatch_full_conus"
  },
  "summary": [
    {
      "n_inducing": 4096,
      "rmse_log": 0.6887368622763688,
      "mae_log": 0.5084116516292503,
      "r2_log": -0.02268654704508788,
      "rmse_orig": 4.235149753570939,
      "mae_orig": 2.9971166535056946,
      "r2_orig": 0.11963480112150837,
      "mean_train_time": 351.6702032452449,
      "mean_infer_time": 0.20810680696740746,
      "mean_ip_time": 107.98104068916291,
      "mean_fold_time": 459.85935074137524,
      "total_wall_time": 459.85935074137524,
      "mean_stopped_epoch": 1.0,
      "n_predictions": 3338
    }
  ],
  "total_cv_time": 464.99631279101595
}