{"108720_47582_M4096": [1.4357100916945416], "108512_45780_M4096": [1.43288922102555], "105103_48308_M4096": [1.4359356527743132]}