{
  "config": {
    "inducing_list": [
      4096
    ],
    "n_epochs": 1,
    "batch_size": 16384,
    "patience": 15,
    "lr": 0.01,
    "n_loso_sites": 1,
    "loso_sites": [
      10872047582
    ],
    "loso_site_states": {
      "108720_47582": "MT"
    },
    "n_gpus": 1,
    "n_total_obs": 1883144,
    "n_total_sites": 932,
    "states_filter": "MT",
    "training": "svgp_minibatch_full_conus"
  },
  "summary": [
    {
      "n_inducing": 4096,
      "rmse_log": 0.423302640114521,
      "mae_log": 0.3292239854395771,
      "r2_log": 0.401627175501724,
      "rmse_orig": 2.9806785621170886,
      "mae_orig": 1.434584323831534,
      "r2_orig": 0.3721768135170309,
      "mean_train_time": 387.16188502684236,
      "mean_infer_time": 0.15198231535032392,
      "mean_ip_time": 74.88377200532705,
      "mean_fold_time": 462.1976393475197,
      "total_wall_time": 462.1976393475197,
      "mean_stopped_epoch": 1.0,
      "n_predictions": 1999
    }
  ],
  "total_cv_time": 466.4865130688995
}