cv_method,n_sites,n_predictions,rmse_log,mae_log,r2_log,rmse_orig,mae_orig,r2_orig,total_time_seconds,years,model
LOSO,28,7551,0.5708290274987845,0.4417939528493038,0.3470233390290561,4.216899450255589,2.6856802354329288,0.3166630800744467,41.38875912502408,2019,
LOSO,28,15080,0.572588648828737,0.4410549411967692,0.4061435285296273,5.42402371647825,3.068575065011492,0.3498228568119649,42.56251027621329,2018-2019,
LOSO,28,15080,0.572588648828737,0.4410549411967692,0.4061435285296273,5.42402371647825,3.068575065011492,0.3498228568119649,42.8333682846278,2018-2019,
LOSO,28,7551,0.5708290274987845,0.4417939528493038,0.3470233390290561,4.216899450255589,2.6856802354329288,0.3166630800744467,49.34368305653334,2019,
LOSO,28,15080,0.572588648828737,0.4410549411967692,0.4061435285296273,5.42402371647825,3.068575065011492,0.3498228568119649,49.575825380161405,2018-2019,
LOSO,28,15080,0.5743352225186442,0.4448000329917727,0.4025151087076072,5.36110588993789,3.103767585747254,0.3648192776212045,44.482652908191085,2018-2019,
LOSO,28,15080,0.5768768582238307,0.4461043350021776,0.3972152454261344,5.315726680387422,3.0992058152937147,0.3755267730433006,58.61208355426788,2018-2019,periodic_rbf
