{
  "config": {
    "inducing_list": [
      256,
      512,
      1024,
      2048,
      4096
    ],
    "n_epochs": 50,
    "batch_size": 32768,
    "patience": 15,
    "lr": 0.01,
    "n_loso_sites": 5,
    "loso_sites": [
      10872047582,
      11555348392,
      10851245780,
      10510348308,
      11250146003
    ],
    "loso_site_states": {
      "108720_47582": "MT",
      "115553_48392": "MT",
      "108512_45780": "MT",
      "105103_48308": "MT",
      "112501_46003": "MT"
    },
    "n_gpus": 4,
    "n_total_obs": 1883144,
    "n_total_sites": 932,
    "states_filter": "MT",
    "training": "svgp_minibatch_full_conus"
  },
  "summary": [
    {
      "n_inducing": 256,
      "rmse_log": 0.5389679035529036,
      "mae_log": 0.4124113429068507,
      "r2_log": 0.5159217426786583,
      "rmse_orig": 6.671327485891107,
      "mae_orig": 3.753715030648337,
      "r2_orig": 0.4279776648905076,
      "mean_train_time": 1299.89185278425,
      "mean_infer_time": 0.02945528868585825,
      "mean_ip_time": 19.65824467157945,
      "mean_fold_time": 1319.5795527445152,
      "total_wall_time": 6597.897763722576,
      "mean_stopped_epoch": 50.0,
      "n_predictions": 17829
    },
    {
      "n_inducing": 512,
      "rmse_log": 0.5598828871738432,
      "mae_log": 0.4290207698843235,
      "r2_log": 0.47762286703974954,
      "rmse_orig": 6.728845486324918,
      "mae_orig": 3.8740702084626206,
      "r2_orig": 0.4180715661970008,
      "mean_train_time": 1478.9556581053882,
      "mean_infer_time": 0.02746800146996975,
      "mean_ip_time": 11.709809276182204,
      "mean_fold_time": 1490.6929353830405,
      "total_wall_time": 7453.464676915202,
      "mean_stopped_epoch": 50.0,
      "n_predictions": 17829
    },
    {
      "n_inducing": 1024,
      "rmse_log": 0.576268471323013,
      "mae_log": 0.43657978699237454,
      "r2_log": 0.4465995742756519,
      "rmse_orig": 7.010385173909141,
      "mae_orig": 4.00178773432636,
      "r2_orig": 0.3683562157121304,
      "mean_train_time": 2329.859963263292,
      "mean_infer_time": 0.032004131469875574,
      "mean_ip_time": 20.703057232219727,
      "mean_fold_time": 2350.5950246269813,
      "total_wall_time": 11752.975123134907,
      "mean_stopped_epoch": 50.0,
      "n_predictions": 17829
    },
    {
      "n_inducing": 2048,
      "rmse_log": 0.5803627886368231,
      "mae_log": 0.43753266803251967,
      "r2_log": 0.4387079537433689,
      "rmse_orig": 6.830867967626016,
      "mae_orig": 3.958383577836314,
      "r2_orig": 0.40029143913292087,
      "mean_train_time": 5297.968081193045,
      "mean_infer_time": 0.07484062081202865,
      "mean_ip_time": 37.72212403705343,
      "mean_fold_time": 5335.765045850911,
      "total_wall_time": 26678.82522925455,
      "mean_stopped_epoch": 50.0,
      "n_predictions": 17829
    },
    {
      "n_inducing": 4096,
      "rmse_log": 0.5920179612816806,
      "mae_log": 0.4460819951104,
      "r2_log": 0.4159372129116168,
      "rmse_orig": 6.70164424262112,
      "mae_orig": 3.986998415951129,
      "r2_orig": 0.42276692815415606,
      "mean_train_time": 17494.476482102928,
      "mean_infer_time": 0.22005881378427147,
      "mean_ip_time": 148.32634459799155,
      "mean_fold_time": 17643.022885514703,
      "total_wall_time": 88215.11442757351,
      "mean_stopped_epoch": 50.0,
      "n_predictions": 17829
    }
  ],
  "total_cv_time": 55621.91500542825
}