{"108720_47582_M4096": [1.4357100916945416], "115553_48392_M4096": [1.434657727117124]}